yearID,teamID,W,L,G,actual_payroll,actual_roster_WAR,roster_size,cf_roster_WAR,cf_spend,cf_n_players,actual_expected_wins,cf_expected_wins,moneyball_gain_wins,payroll_millions
2003,ANA,77,85,162,79031667,24.05074671931476,41,29.809783537216415,78834500.0,23,72.05074671931476,77.80978353721642,5.759036817901659,79.031667
2003,ARI,84,78,162,80657000,34.857440349037105,39,31.906331852410172,80476162.0,23,82.8574403490371,79.90633185241018,-2.9511084966269294,80.657
2003,ATL,101,61,162,106243667,45.62159504774132,32,32.57564565008636,99932500.0,32,93.62159504774132,80.57564565008636,-13.045949397654965,106.243667
2003,BAL,71,91,163,73877500,21.195181089673746,39,33.746823510595995,73793367.0,21,69.19518108967375,81.74682351059599,12.551642420922235,73.8775
2003,BOS,95,67,162,99946500,54.9228740739317,39,11.052086516046707,86833167.0,39,102.9228740739317,59.05208651604671,-43.87078755788499,99.9465
2003,CHA,86,76,162,51010000,31.132282927670158,35,30.761609034316994,50939534.0,23,79.13228292767016,78.76160903431699,-0.370673893353171,51.01
2003,CHN,88,74,162,79868333,32.574759498674936,33,47.60645399625278,79736667.0,21,80.57475949867494,95.60645399625278,15.031694497577845,79.868333
2003,CIN,69,93,162,59355667,14.156407716094106,57,33.73430995369673,59278667.0,19,62.15640771609411,81.73430995369674,19.57790223760263,59.355667
2003,CLE,68,94,162,48584834,19.014852763068006,51,42.338643067032955,48583571.0,16,67.014852763068,90.33864306703296,23.323790303964955,48.584834
2003,COL,74,88,162,67179667,27.822311389891247,41,24.383357072426403,66936073.0,21,75.82231138989124,72.3833570724264,-3.438954317464834,67.179667
2003,DET,43,119,162,49168000,2.5166446180739834,43,30.69304869748419,48883000.0,17,50.51664461807398,78.69304869748419,28.176404079410204,49.168
2003,FLO,91,71,162,49450000,36.10748508641269,36,29.62099746593747,49170167.0,18,84.10748508641268,77.62099746593748,-6.486487620475202,49.45
2003,HOU,87,75,162,71040000,34.71614970165562,40,31.655098013658556,70914000.0,21,82.71614970165561,79.65509801365856,-3.0610516879970504,71.04
2003,KCA,83,79,162,40518000,21.54780781592619,46,33.94149643191658,40377500.0,14,69.54780781592619,81.94149643191659,12.3936886159904,40.518
2003,LAN,85,77,162,105572620,24.85007636367669,41,14.16532363375651,86335667.0,41,72.85007636367669,62.16532363375651,-10.684752729920184,105.57262
2003,MIL,68,94,162,40627000,20.26711818412101,38,32.02811997468702,40476667.0,15,68.26711818412102,80.02811997468703,11.761001790566013,40.627
2003,MIN,90,72,162,55505000,33.873368424085015,40,21.494579484022985,55441667.0,24,81.87336842408502,69.49457948402298,-12.378788940062037,55.505
2003,MON,83,79,162,51948500,23.167816557851804,42,30.22543846014361,51800119.0,18,71.16781655785181,78.22543846014361,7.0576219022918,51.9485
2003,NYA,101,61,163,152749814,55.362827606722135,41,26.15384024427038,129719600.0,41,103.36282760672213,74.15384024427038,-29.20898736245175,152.749814
2003,NYN,66,95,161,116876429,13.76077806312486,48,13.520662497662984,81525477.0,48,61.76077806312486,61.52066249766298,-0.24011556546187762,116.876429
2003,OAK,96,66,162,50260834,31.784988761796118,37,32.1069001909661,50194000.0,20,79.78498876179611,80.1069001909661,0.3219114291699867,50.260834
2003,PHI,86,76,162,70780000,35.69896533782801,34,31.847474967511737,70769500.0,20,83.69896533782801,79.84747496751174,-3.85149037031627,70.78
2003,PIT,75,87,162,54812429,32.36792165680617,43,28.802119716537593,54786100.0,19,80.36792165680617,76.80211971653759,-3.565801940268585,54.812429
2003,SDN,64,98,162,45210000,17.083340979980704,47,34.90339532884369,45074300.0,19,65.0833409799807,82.90339532884369,17.820054348862982,45.21
2003,SEA,93,69,162,86959167,31.23689446036387,35,37.23173574060132,86916167.0,24,79.23689446036387,85.23173574060132,5.994841280237452,86.959167
2003,SFN,100,61,161,82852167,32.89718134268961,43,23.547268880253704,82636096.0,33,80.8971813426896,71.54726888025371,-9.349912462435896,82.852167
2003,SLN,85,77,162,83786666,35.237932042519176,39,31.83581238928889,83745000.0,24,83.23793204251918,79.83581238928889,-3.4021196532302866,83.786666
2003,TBA,63,99,162,19630000,10.957175254799454,48,22.79393010864328,19565600.0,18,58.95717525479945,70.79393010864328,11.836754853843829,19.63
2003,TEX,71,91,162,103491667,27.60716296338113,45,40.397614984706024,103414500.0,25,75.60716296338113,88.39761498470602,12.790452021324896,103.491667
2003,TOR,86,76,162,51269000,39.15176505494042,37,28.522365350594388,51042926.0,18,87.15176505494043,76.52236535059438,-10.629399704346042,51.269
2004,ANA,92,70,162,100534667,36.67515306208274,37,41.87296732914419,100511668.0,21,84.67515306208274,89.87296732914419,5.197814267061446,100.534667
2004,ARI,51,111,162,69780750,10.920517071950592,48,41.82189057326448,69747500.0,19,58.92051707195059,89.82189057326448,30.90137350131389,69.78075
2004,ATL,96,66,162,90182500,37.507450764371136,38,22.973888575243283,89971534.0,35,85.50745076437113,70.97388857524328,-14.53356218912785,90.1825
2004,BAL,78,84,162,51623333,33.45082484914463,43,29.189851361025383,51379867.0,19,81.45082484914462,77.18985136102538,-4.260973488119248,51.623333
2004,BOS,98,64,162,127298500,49.13097921329228,42,20.152307374233622,90140567.0,42,97.13097921329228,68.15230737423363,-28.97867183905865,127.2985
2004,CHA,83,79,162,65212500,23.661008250321533,35,28.962666568541497,65188567.0,22,71.66100825032153,76.9626665685415,5.301658318219964,65.2125
2004,CHN,89,73,162,90560000,40.79887450194,38,15.955517065901379,83941833.0,38,88.79887450193999,63.955517065901375,-24.843357436038616,90.56
2004,CIN,76,86,162,46615250,16.694230623351153,44,36.307046743394885,46588000.0,18,64.69423062335116,84.30704674339489,19.612816120043732,46.61525
2004,CLE,80,82,162,34319300,33.03277193655652,50,27.171617107933333,34137667.0,17,81.03277193655651,75.17161710793333,-5.861154828623185,34.3193
2004,COL,68,94,162,65445167,24.44937861408286,44,22.692046466863914,65436952.0,25,72.44937861408286,70.69204646686391,-1.7573321472189463,65.445167
2004,DET,72,90,162,46832000,30.751564207341463,39,24.6632624828677,46734000.0,17,78.75156420734146,72.66326248286771,-6.088301724473752,46.832
2004,FLO,83,79,162,42143042,28.228742492706242,38,31.16691108283181,42083500.0,16,76.22874249270625,79.1669110828318,2.9381685901255565,42.143042
2004,HOU,92,70,162,75397000,39.53457554120521,36,29.652473033284668,75383929.0,27,87.53457554120521,77.65247303328466,-9.88210250792055,75.397
2004,KCA,58,104,162,47609000,9.895573108213492,51,27.1952021653543,47604733.0,20,57.89557310821349,75.1952021653543,17.299629057140812,47.609
2004,LAN,93,69,162,92902001,29.55654737760161,37,21.0013256498991,92896666.0,37,77.55654737760162,69.0013256498991,-8.555221727702516,92.902001
2004,MIL,67,94,161,27528500,24.072989770389313,41,34.10551639636042,27246133.0,13,72.07298977038931,82.10551639636043,10.032526625971116,27.5285
2004,MIN,92,70,162,53585000,36.46333637353069,41,38.65571272532905,53437000.0,18,84.4633363735307,86.65571272532905,2.1923763517983588,53.585
2004,MON,67,95,162,40897500,13.027452941004102,44,35.57340680563245,40859100.0,15,61.0274529410041,83.57340680563246,22.54595386462836,40.8975
2004,NYA,101,61,162,184193950,42.75445380816149,38,23.068924866142858,99846167.0,38,90.75445380816149,71.06892486614285,-19.685528942018635,184.19395
2004,NYN,71,91,162,96660970,20.44633334507955,46,32.998628585661365,96660167.0,22,68.44633334507955,80.99862858566136,12.552295240581813,96.66097
2004,OAK,91,71,162,59425667,36.133803716325446,34,37.02065686152383,59293500.0,17,84.13380371632545,85.02065686152383,0.886853145198387,59.425667
2004,PHI,86,76,162,92919167,29.782725092109974,35,35.116367749489484,92747833.0,25,77.78272509210997,83.11636774948948,5.333642657379514,92.919167
2004,PIT,72,89,161,32227929,23.05444092449288,41,32.48523468158834,32173304.0,13,71.05444092449288,80.48523468158834,9.430793757095458,32.227929
2004,SDN,87,75,162,55384833,32.44494484634075,42,33.02500102588841,55224500.0,18,80.44494484634075,81.0250010258884,0.580056179547654,55.384833
2004,SEA,63,99,162,81515834,19.52666027967516,46,27.827379516100827,81253479.0,22,67.52666027967516,75.82737951610082,8.300719236425664,81.515834
2004,SFN,91,71,162,82019166,42.02355522088322,41,30.411798064713718,81915833.0,25,90.02355522088322,78.41179806471372,-11.611757156169503,82.019166
2004,SLN,105,57,162,83228333,43.740771736031405,37,26.075182062938854,83151917.0,26,91.7407717360314,74.07518206293885,-17.665589673092555,83.228333
2004,TBA,70,91,161,29556667,14.293440453181384,43,30.681412837117687,29528450.0,17,62.29344045318138,78.68141283711769,16.387972383936308,29.556667
2004,TEX,89,73,162,55050417,29.52084482353125,51,37.86606011412834,55009643.0,22,77.52084482353125,85.86606011412835,8.345215290597096,55.050417
2004,TOR,67,94,161,50017000,17.900499499546402,47,32.86787535017229,49728433.0,19,65.9004994995464,80.86787535017228,14.967375850625885,50.017
2005,ARI,77,85,162,62329166,27.9289891064803,41,30.155677952211725,62204000.0,20,75.9289891064803,78.15567795221173,2.226688845731431,62.329166
2005,ATL,90,72,162,86457302,33.17827955137201,42,20.971579839044722,86333891.0,29,81.17827955137201,68.97157983904472,-12.206699712327293,86.457302
2005,BAL,74,88,162,73914333,26.333046436425274,44,34.59785319532793,73798131.0,21,74.33304643642528,82.59785319532793,8.264806758902651,73.914333
2005,BOS,95,67,162,123505125,42.232656684519796,41,17.954824830156358,95745762.0,41,90.2326566845198,65.95482483015635,-24.27783185436344,123.505125
2005,CHA,99,63,162,75178000,30.809116424237754,37,24.86054244077551,75126667.0,23,78.80911642423776,72.8605424407755,-5.9485739834622535,75.178
2005,CHN,79,83,162,87032933,31.158332597876072,42,30.002472577830755,87010105.0,32,79.15833259787607,78.00247257783076,-1.15586002004531,87.032933
2005,CIN,73,89,163,61892583,27.858819330874624,44,26.97011113456602,61727743.0,21,75.85881933087462,74.97011113456603,-0.888708196308599,61.892583
2005,CLE,93,69,162,41502500,41.8494361511213,36,32.190495722213704,41463333.0,17,89.8494361511213,80.19049572221371,-9.658940428907584,41.5025
2005,COL,67,95,162,47839000,23.434231256153005,45,24.48478882154688,47806429.0,20,71.434231256153,72.48478882154689,1.0505575653938877,47.839
2005,DET,71,91,162,69092000,24.51988790975762,41,25.04958466737546,68932144.0,24,72.51988790975761,73.04958466737546,0.5296967576178417,69.092
2005,FLO,83,79,162,60408834,37.071650583929866,45,28.03499448706356,60398767.0,21,85.07165058392987,76.03499448706356,-9.03665609686631,60.408834
2005,HOU,89,73,163,76779000,31.71657211665054,36,42.310577401486455,76728856.0,18,79.71657211665054,90.31057740148646,10.594005284835916,76.779
2005,KCA,56,106,162,36881000,15.750598172544388,46,27.233062450923942,36878533.0,17,63.750598172544386,75.23306245092394,11.482464278379553,36.881
2005,LAA,95,67,162,94867822,31.692966856927004,39,30.806095350877268,94747167.0,27,79.692966856927,78.80609535087727,-0.8868715060497294,94.867822
2005,LAN,71,91,162,83039000,20.174711332410848,43,26.229642638927306,82996833.0,23,68.17471133241085,74.2296426389273,6.054931306516451,83.039
2005,MIL,81,81,162,39934833,30.757062417083723,39,26.4937621549452,39646400.0,16,78.75706241708372,74.4937621549452,-4.2633002621385145,39.934833
2005,MIN,83,79,162,56186000,27.092445755883485,36,37.248426831750166,55982333.0,19,75.09244575588349,85.24842683175017,10.155981075866677,56.186
2005,NYA,95,67,162,208306817,42.18589755265992,43,31.407555583624823,149897104.0,43,90.18589755265992,79.40755558362483,-10.778341969035097,208.306817
2005,NYN,83,79,162,101305821,30.47551012938454,40,33.14307496298435,101124500.0,32,78.47551012938453,81.14307496298434,2.667564833599812,101.305821
2005,OAK,88,74,162,55425762,29.119110739186475,38,32.48754992040457,55375500.0,18,77.11911073918648,80.48754992040458,3.3684391812180934,55.425762
2005,PHI,88,74,162,95522000,34.58436342550901,34,22.246721681822237,95254500.0,30,82.58436342550901,70.24672168182224,-12.337641743686774,95.522
2005,PIT,67,95,162,38133000,19.097093795188208,43,25.786535098730212,37885667.0,18,67.09709379518821,73.78653509873021,6.689441303541997,38.133
2005,SDN,82,80,162,63290833,28.28607222627125,38,28.128574149698153,63069667.0,20,76.28607222627124,76.12857414969815,-0.15749807657309134,63.290833
2005,SEA,69,93,162,87754334,19.65726039676272,47,23.426229916343026,87705667.0,31,67.65726039676272,71.42622991634303,3.7689695195803097,87.754334
2005,SFN,75,87,162,90199500,15.871300843143077,46,34.18648109534247,90103333.0,28,63.871300843143075,82.18648109534247,18.315180252199397,90.1995
2005,SLN,100,62,162,92106833,34.85989121025502,40,28.602405483085647,92089500.0,27,82.85989121025503,76.60240548308565,-6.257485727169382,92.106833
2005,TBA,67,95,162,29679067,18.8899051877149,43,26.140773290846816,29664333.0,18,66.8899051877149,74.14077329084682,7.250868103131921,29.679067
2005,TEX,79,83,162,55849000,37.13278282873528,46,40.387593040394,55673967.0,19,85.13278282873529,88.387593040394,3.2548102116587074,55.849
2005,TOR,80,82,162,45719500,25.048126795233514,37,32.48977747561641,45660700.0,16,73.04812679523351,80.4897774756164,7.441650680382892,45.7195
2005,WAS,81,81,162,48581500,22.326845148671573,45,31.781803720646735,48341833.0,17,70.32684514867157,79.78180372064674,9.454958571975169,48.5815
2006,ARI,76,86,162,59684226,30.327087283367515,41,34.24919164194307,59589940.0,18,78.32708728336752,82.24919164194307,3.9221043585755524,59.684226
2006,ATL,79,83,162,90156876,28.88395254514367,41,43.73499110690416,89842500.0,23,76.88395254514367,91.73499110690416,14.85103856176049,90.156876
2006,BAL,70,92,162,72585582,18.57392580154579,44,26.13350282655282,72524788.0,22,66.57392580154578,74.13350282655281,7.55957702500703,72.585582
2006,BOS,86,76,162,120099824,35.16719749864914,47,19.55354971107628,119926808.0,43,83.16719749864913,67.55354971107627,-15.613647787572859,120.099824
2006,CHA,90,72,162,102750667,35.5243931305094,36,19.443923241064816,86570151.0,36,83.5243931305094,67.44392324106482,-16.080469889444572,102.750667
2006,CHN,66,96,162,94424499,16.826244394711992,43,14.960843158461744,94371533.0,34,64.82624439471199,62.96084315846174,-1.86540123625025,94.424499
2006,CIN,80,82,162,60909519,27.908410818390593,37,30.08513102923635,60874667.0,20,75.90841081839059,78.08513102923635,2.176720210845758,60.909519
2006,CLE,78,84,162,56031500,40.16617983326843,44,30.459727593433755,55755189.0,18,88.16617983326843,78.45972759343375,-9.706452239834675,56.0315
2006,COL,76,86,162,41233000,29.672510025013622,44,24.02714961287105,41096659.0,20,77.67251002501362,72.02714961287106,-5.645360412142566,41.233
2006,DET,95,67,162,82612866,32.778569977775796,37,27.76101323701482,82300386.0,28,80.77856997777579,75.76101323701482,-5.017556740760966,82.612866
2006,FLO,78,84,162,14671500,26.7520093202381,39,22.45006129486838,14613000.0,12,74.7520093202381,70.45006129486838,-4.301948025369725,14.6715
2006,HOU,82,80,162,88694435,29.995497362313113,39,26.335037746110064,88615336.0,22,77.99549736231312,74.33503774611006,-3.660459616203056,88.694435
2006,KCA,62,100,162,47294000,11.388348879293105,48,37.75621929042701,47287233.0,18,59.388348879293105,85.75621929042701,26.367870411133907,47.294
2006,LAA,89,73,162,103472000,33.30387712767863,40,17.971958108194702,103153665.0,36,81.30387712767863,65.9719581081947,-15.331919019483934,103.472
2006,LAN,88,74,162,98447187,36.65059237299777,39,19.591091108134684,98438763.0,33,84.65059237299778,67.59109110813469,-17.059501264863087,98.447187
2006,MIL,75,87,162,57568333,28.08373002133525,44,31.386345137741632,57425433.0,18,76.08373002133524,79.38634513774163,3.302615116406386,57.568333
2006,MIN,96,66,162,63396006,39.420828731133,38,27.666762476657723,63073621.0,20,87.420828731133,75.66676247665772,-11.754066254475276,63.396006
2006,NYA,97,65,162,194663079,41.22186411786813,44,9.731078205861081,118599585.0,44,89.22186411786814,57.73107820586108,-31.490785912007055,194.663079
2006,NYN,97,65,162,101084963,35.0650198459261,39,15.99627408650299,96071991.0,39,83.0650198459261,63.99627408650299,-19.06874575942311,101.084963
2006,OAK,93,69,162,62243079,29.08473145755389,38,31.636866318350258,61974048.0,16,77.08473145755389,79.63686631835026,2.5521348607963716,62.243079
2006,PHI,85,77,162,88273333,35.23682259826303,40,46.72753104700367,88080014.0,18,83.23682259826303,94.72753104700368,11.490708448740648,88.273333
2006,PIT,67,95,162,46717750,20.489108292141562,40,31.236346548897146,46530500.0,18,68.48910829214157,79.23634654889715,10.74723825675558,46.71775
2006,SDN,88,74,162,69896141,27.77711400878781,38,31.86225499267513,69879543.0,20,75.7771140087878,79.86225499267513,4.085140983887328,69.896141
2006,SEA,78,84,162,87959833,23.525832233210668,45,25.787688526405628,87770232.0,25,71.52583223321066,73.78768852640563,2.261856293194967,87.959833
2006,SFN,76,85,161,90056419,23.002270807214078,40,39.59096064981564,89917680.0,21,71.00227080721407,87.59096064981564,16.588689842601568,90.056419
2006,SLN,83,78,161,88891371,26.115431918539347,36,30.658573174870252,88616288.0,24,74.11543191853934,78.65857317487026,4.543141256330912,88.891371
2006,TBA,61,101,162,34917967,15.58589111059912,46,32.19501453706128,34627634.0,17,63.58589111059912,80.19501453706128,16.609123426462162,34.917967
2006,TEX,80,82,162,68228662,31.55482352528648,42,37.35332587445244,68224333.0,19,79.55482352528648,85.35332587445244,5.7985023491659575,68.228662
2006,TOR,87,75,162,71365000,38.531315658557276,40,33.216486436902386,71202625.0,20,86.53131565855728,81.21648643690239,-5.31482922165489,71.365
2006,WAS,71,91,162,63143000,18.548641524909925,53,35.34388440971828,63136967.0,18,66.54864152490993,83.34388440971827,16.795242884808346,63.143
2007,ARI,90,72,162,52067546,23.976936886937178,39,27.296952151242905,52054514.0,17,71.97693688693718,75.2969521512429,3.3200152643057237,52.067546
2007,ATL,84,78,162,87290833,28.908446507407398,41,37.245663835079384,87009666.0,20,76.9084465074074,85.24566383507938,8.33721732767198,87.290833
2007,BAL,69,93,162,93174808,21.382683220769504,46,23.034637805234897,93120463.0,27,69.38268322076951,71.0346378052349,1.6519545844653862,93.174808
2007,BOS,96,66,162,143026214,46.02079130542216,35,23.151277898009635,134966689.0,35,94.02079130542216,71.15127789800964,-22.869513407412526,143.026214
2007,CHA,72,90,162,108671833,19.971941280730295,42,3.551124979845481,86024467.0,42,67.97194128073029,51.55112497984548,-16.42081630088481,108.671833
2007,CHN,85,77,162,99670332,28.749041116164243,40,28.42841096524076,99604553.0,27,76.74904111616425,76.42841096524076,-0.3206301509234919,99.670332
2007,CIN,72,90,162,68524980,26.694271884016956,51,37.29757798901334,68524114.0,18,74.69427188401696,85.29757798901335,10.603306104996392,68.52498
2007,CLE,96,66,162,61673267,38.6343578775618,38,36.57077135494699,61666000.0,18,86.6343578775618,84.570771354947,-2.0635865226147985,61.673267
2007,COL,90,73,163,54041000,36.8972528458512,50,33.192253493274535,54039619.0,19,84.8972528458512,81.19225349327454,-3.704999352576664,54.041
2007,DET,88,74,162,94800369,33.4660111053268,43,38.19851524934786,94701783.0,24,81.4660111053268,86.19851524934785,4.73250414402105,94.800369
2007,FLO,71,91,162,30507000,27.867012030318072,48,24.569448193582375,30406925.0,17,75.86701203031808,72.56944819358237,-3.297563836735705,30.507
2007,HOU,73,89,162,87759000,21.176511008787486,40,42.82217537341658,87491353.0,21,69.17651100878749,90.82217537341657,21.645664364629084,87.759
2007,KCA,69,93,162,67116500,18.59245497192335,43,28.749284876850798,67111329.0,22,66.59245497192335,76.7492848768508,10.156829904927449,67.1165
2007,LAA,94,68,162,109251333,36.03721543428657,42,30.674882676697806,109061959.0,29,84.03721543428657,78.6748826766978,-5.36233275758876,109.251333
2007,LAN,82,80,162,108454524,33.66196694833905,38,30.606514503874447,108213123.0,27,81.66196694833906,78.60651450387445,-3.0554524444646063,108.454524
2007,MIL,83,79,162,70986500,36.7158721241353,35,30.790323016568596,70706572.0,22,84.7158721241353,78.79032301656859,-5.9255491075667095,70.9865
2007,MIN,79,83,162,71439500,23.315514910520374,42,26.140364300672587,71177999.0,21,71.31551491052038,74.14036430067259,2.8248493901522096,71.4395
2007,NYA,94,68,162,189259045,43.7915933657458,46,14.140520760063843,120435375.0,46,91.7915933657458,62.14052076006384,-29.651072605681954,189.259045
2007,NYN,88,74,162,115231663,32.127778579083646,47,36.64950647972323,115115003.0,23,80.12777857908364,84.64950647972323,4.52172790063959,115.231663
2007,OAK,76,86,162,79366940,31.078462874231917,43,36.04482575730084,79363504.0,22,79.07846287423192,84.04482575730084,4.966362883068925,79.36694
2007,PHI,89,73,162,89428213,33.74834151146046,42,31.31575401042082,89340780.0,23,81.74834151146047,79.31575401042082,-2.4325875010396487,89.428213
2007,PIT,68,94,162,38537833,20.380086875665942,43,24.370752623413914,38334133.0,16,68.38008687566594,72.37075262341392,3.9906657477479826,38.537833
2007,SDN,89,74,163,58110567,34.695629507621156,41,27.278458535637327,57857114.0,18,82.69562950762116,75.27845853563733,-7.417170971983836,58.110567
2007,SEA,88,74,162,106460833,29.533396579238154,41,29.77999783060194,106337788.0,28,77.53339657923816,77.77999783060194,0.24660125136378497,106.460833
2007,SFN,71,91,162,90219056,22.800321378773067,42,12.143987319024246,90179433.0,38,70.80032137877306,60.14398731902425,-10.656334059748815,90.219056
2007,SLN,78,84,162,90286823,23.68326735543464,42,34.89142070722172,90210503.0,23,71.68326735543464,82.89142070722173,11.20815335178709,90.286823
2007,TBA,66,96,162,24123500,28.1497434987849,42,25.815654386427404,24115167.0,15,76.1497434987849,73.81565438642741,-2.334089112357489,24.1235
2007,TEX,75,87,162,68318675,26.32072480531715,48,33.11763251686847,68235000.0,20,74.32072480531716,81.11763251686847,6.796907711551313,68.318675
2007,TOR,83,79,162,81942800,29.675082477382453,43,38.62641898950118,81920167.0,23,77.67508247738246,86.62641898950119,8.95133651211873,81.9428
2007,WAS,73,89,162,36947500,11.860993436466753,45,22.3509511686775,36893500.0,19,59.86099343646676,70.3509511686775,10.48995773221074,36.9475
2008,ARI,82,80,162,66202712,33.331392464732104,35,26.55641919017706,66099600.0,26,81.3313924647321,74.55641919017705,-6.774973274555052,66.202712
2008,ATL,72,90,162,102365683,33.67938329908616,47,25.121758478871755,102006733.0,27,81.67938329908617,73.12175847887175,-8.557624820214414,102.365683
2008,BAL,68,93,161,67196246,17.636887080951446,45,29.562525211449397,66907332.0,21,65.63688708095145,77.5625252114494,11.925638130497944,67.196246
2008,BOS,95,67,162,133390035,47.566692092359546,40,32.23687425770145,133196617.0,26,95.56669209235955,80.23687425770146,-15.329817834658087,133.390035
2008,CHA,89,74,163,121189332,38.79422234370857,36,36.84058675456002,121108995.0,28,86.79422234370857,84.84058675456002,-1.953635589148547,121.189332
2008,CHN,97,64,161,118345833,41.24285749341758,38,23.38355827927273,118142965.0,28,89.24285749341757,71.38355827927273,-17.85929921414484,118.345833
2008,CIN,74,88,162,74117695,23.040650164689563,45,43.188243977941106,73802809.0,16,71.04065016468957,91.18824397794111,20.147593813251547,74.117695
2008,CLE,81,81,162,78970066,31.064562983457193,45,34.31230156489275,78619163.0,21,79.0645629834572,82.31230156489275,3.2477385814355557,78.970066
2008,COL,74,88,162,68655500,30.349910148237516,47,31.917378943999328,68479626.0,22,78.34991014823751,79.91737894399932,1.5674687957618119,68.6555
2008,DET,74,88,162,137685196,27.92833224490041,42,16.648393918921943,116341438.0,42,75.92833224490042,64.64839391892194,-11.279938325978478,137.685196
2008,FLO,84,77,161,21811500,28.889543857149295,42,27.402788440926585,21636549.0,12,76.88954385714929,75.40278844092659,-1.4867554162227066,21.8115
2008,HOU,86,75,161,88930414,20.382910453485245,37,27.29996909885285,88894216.0,21,68.38291045348524,75.29996909885284,6.917058645367604,88.930414
2008,KCA,75,87,162,58245500,23.36861107725449,41,27.56324728177647,57912656.0,18,71.36861107725449,75.56324728177647,4.194636204521984,58.2455
2008,LAA,100,62,162,119216333,27.20121969516736,40,12.797350458149053,119179377.0,39,75.20121969516737,60.797350458149054,-14.403869237018313,119.216333
2008,LAN,84,78,162,118588536,30.80227324475015,41,17.421289925372157,109480440.0,41,78.80227324475015,65.42128992537215,-13.380983319378004,118.588536
2008,MIL,90,72,162,80937499,30.007545544264662,38,30.25535768777169,80785747.0,19,78.00754554426466,78.25535768777169,0.2478121435070335,80.937499
2008,MIN,88,75,163,56932766,29.92743644516871,39,27.121931423842998,56830100.0,18,77.92743644516871,75.121931423843,-2.8055050213257147,56.932766
2008,NYA,89,73,162,207896789,39.00221270001865,46,19.419479924571046,143580865.0,46,87.00221270001865,67.41947992457105,-19.582732775447596,207.896789
2008,NYN,89,73,162,137793376,32.221853080607865,48,15.972934796919422,128547654.0,48,80.22185308060787,63.97293479691942,-16.248918283688454,137.793376
2008,OAK,75,86,161,47967126,19.425278057870024,48,26.07017083873742,47805730.0,18,67.42527805787003,74.07017083873743,6.644892780867394,47.967126
2008,PHI,92,70,162,97879880,33.419668944731065,37,24.999251576256114,97855091.0,28,81.41966894473106,72.99925157625611,-8.420417368474943,97.87988
2008,PIT,67,95,162,48689783,18.60181797077284,45,34.08564925000906,48532800.0,17,66.60181797077284,82.08564925000906,15.483831279236213,48.689783
2008,SDN,63,99,162,73677616,20.695307417622743,54,33.573014881470506,73478666.0,20,68.69530741762274,81.5730148814705,12.877707463847756,73.677616
2008,SEA,61,101,162,117666482,15.904861137656457,41,24.75694868502043,117314554.0,32,63.904861137656454,72.75694868502043,8.852087547363979,117.666482
2008,SFN,72,90,162,76594500,21.629819519391216,48,34.13682589097478,76235723.0,19,69.62981951939122,82.13682589097478,12.507006371583557,76.5945
2008,SLN,86,76,162,99624449,33.45033654434965,41,31.713897403422695,99406743.0,19,81.45033654434965,79.71389740342269,-1.7364391409269615,99.624449
2008,TBA,97,65,162,43820597,34.11717930321052,45,35.9306178526893,43484195.0,14,82.11717930321052,83.9306178526893,1.813438549478775,43.820597
2008,TEX,79,83,162,67712326,34.694732225646256,53,50.5510323990237,67591123.0,19,82.69473222564625,98.5510323990237,15.856300173377448,67.712326
2008,TOR,86,76,162,97793900,34.24894336454264,38,29.981705760873595,97418166.0,27,82.24894336454264,77.9817057608736,-4.267237603669045,97.7939
2008,WAS,59,102,161,54961000,13.6294850267259,49,34.27924768603214,54638350.0,19,61.6294850267259,82.27924768603214,20.649762659306234,54.961
2009,ARI,70,92,162,73115666,30.83377505893162,42,36.79221853846778,73042383.0,20,78.83377505893162,84.79221853846778,5.958443479536157,73.115666
2009,ATL,86,76,162,96726166,38.89377019734977,42,25.40505399848465,96631452.0,27,86.89377019734977,73.40505399848465,-13.48871619886512,96.726166
2009,BAL,64,98,162,67101666,16.803621168139603,43,38.73236503201814,66862000.0,15,64.8036211681396,86.73236503201814,21.928743863878537,67.101666
2009,BOS,95,67,162,121345999,41.77804968765048,44,16.233161505008493,118684975.0,44,89.77804968765048,64.2331615050085,-25.544888182641984,121.345999
2009,CHA,79,83,162,96068500,29.077374594801487,40,20.039417139974617,96061839.0,28,77.07737459480148,68.03941713997462,-9.037957454826866,96.0685
2009,CHN,83,78,161,134809000,30.370843543323723,40,15.690380149496427,130651153.0,40,78.37084354332373,63.69038014949643,-14.680463393827303,134.809
2009,CIN,78,84,162,73558500,14.311732194878504,42,29.90370597329386,73390743.0,21,62.3117321948785,77.90370597329385,15.591973778415351,73.5585
2009,CLE,65,97,162,81579166,30.470743803920858,49,23.841349031194863,81501970.0,22,78.47074380392085,71.84134903119487,-6.629394772725988,81.579166
2009,COL,92,70,162,75201000,40.156815784670314,37,29.39581149895116,75117014.0,21,88.15681578467031,77.39581149895116,-10.761004285719153,75.201
2009,DET,86,77,163,115085145,25.313285119518103,41,28.920157547823774,114956850.0,26,73.3132851195181,76.92015754782378,3.606872428305678,115.085145
2009,FLO,87,75,162,36834000,31.910262083114837,41,21.65569020278845,36790006.0,20,79.91026208311484,69.65569020278845,-10.254571880326395,36.834
2009,HOU,74,88,162,102996414,21.424483840048172,41,29.850965939024626,102677400.0,25,69.42448384004817,77.85096593902463,8.426482098976464,102.996414
2009,KCA,65,97,162,70519333,21.148842499478157,42,32.76206405673758,70417049.0,17,69.14884249947815,80.76206405673759,11.613221557259436,70.519333
2009,LAA,97,65,162,113709000,34.69270235263502,45,41.74691683256709,113427500.0,18,82.69270235263502,89.74691683256708,7.054214479932057,113.709
2009,LAN,95,67,162,100414592,38.290583529717516,41,26.34503503108492,100031999.0,21,86.29058352971751,74.34503503108492,-11.94554849863259,100.414592
2009,MIL,80,82,162,80182502,22.402338987639514,41,26.232121551083388,80059260.0,24,70.40233898763951,74.2321215510834,3.829782563443885,80.182502
2009,MIN,87,76,163,65299266,31.515413690374647,36,37.52795295614992,65201953.0,19,79.51541369037464,85.52795295614992,6.012539265775274,65.299266
2009,NYA,103,59,162,201449189,47.828180199214565,40,25.24409820786111,134798583.0,40,95.82818019921456,73.24409820786111,-22.584081991353443,201.449189
2009,NYN,70,92,162,149373987,20.399728318833933,48,12.444438842199546,138040299.0,48,68.39972831883394,60.444438842199546,-7.955289476634391,149.373987
2009,OAK,75,87,162,61910000,33.0211455160112,50,27.466788813430167,61637566.0,19,81.0211455160112,75.46678881343017,-5.554356702581032,61.91
2009,PHI,93,69,162,113004046,31.386760371069073,38,40.55367067448844,112954348.0,22,79.38676037106907,88.55367067448844,9.166910303419371,113.004046
2009,PIT,62,99,161,48693000,17.61130929144445,43,28.313722911477814,48391314.0,17,65.61130929144446,76.31372291147781,10.702413620033354,48.693
2009,SDN,75,87,162,43333700,19.94483722199433,50,28.408183344977072,43127537.0,16,67.94483722199433,76.40818334497708,8.463346122982742,43.3337
2009,SEA,85,77,162,98904166,19.603171001413813,42,18.49401512633504,98579032.0,28,67.60317100141381,66.49401512633504,-1.1091558750787698,98.904166
2009,SFN,88,74,162,83026450,24.807028391718323,40,33.92594994720803,82823050.0,22,72.80702839171832,81.92594994720804,9.11892155548972,83.02645
2009,SLN,91,71,162,88528409,31.951084830845286,35,35.43684884651279,88259453.0,21,79.95108483084529,83.43684884651279,3.485764015667499,88.528409
2009,TBA,84,78,162,63313034,35.07608135955754,38,32.90933723356445,63154000.0,17,83.07608135955755,80.90933723356446,-2.166744125993091,63.313034
2009,TEX,87,75,162,68178798,27.448967888416725,43,36.6691155627308,68038576.0,18,75.44896788841672,84.66911556273081,9.220147674314092,68.178798
2009,TOR,75,87,162,80538300,33.92510914791796,43,29.20193353090246,80265000.0,20,81.92510914791796,77.20193353090247,-4.7231756170154995,80.5383
2009,WAS,59,103,162,59928000,21.53529165870374,49,43.89448585211256,59893000.0,14,69.53529165870374,91.89448585211255,22.35919419340881,59.928
2010,ARI,65,97,162,60718166,23.458482620100543,42,35.38444425562066,60702210.0,18,71.45848262010054,83.38444425562065,11.92596163552011,60.718166
2010,ATL,91,71,162,84423666,37.8092767270966,38,27.8036045912721,84415500.0,23,85.8092767270966,75.8036045912721,-10.005672135824497,84.423666
2010,BAL,66,96,162,81612500,15.887697554218308,43,27.623684972799317,81599666.0,20,63.887697554218306,75.62368497279931,11.735987418581004,81.6125
2010,BOS,89,73,162,162447333,41.46140598945006,48,20.39228236488209,125220110.0,48,89.46140598945006,68.39228236488209,-21.069123624567965,162.447333
2010,CHA,88,74,162,105530000,35.67361865037886,36,30.60658668445022,105350466.0,25,83.67361865037887,78.60658668445022,-5.067031965928649,105.53
2010,CHN,75,87,162,146609000,26.208186803847195,42,16.106794452962063,139531703.0,42,74.2081868038472,64.10679445296206,-10.101392350885135,146.609
2010,CIN,91,71,162,71761542,37.31204114309865,40,33.09882544553507,71529266.0,20,85.31204114309864,81.09882544553507,-4.2132156975635695,71.761542
2010,CLE,69,93,162,61203966,18.694855327594333,42,25.96579877676843,61015333.0,20,66.69485532759433,73.96579877676842,7.270943449174098,61.203966
2010,COL,83,79,162,84227000,39.40692432302621,41,26.199432414821864,84103776.0,22,87.4069243230262,74.19943241482187,-13.207491908204332,84.227
2010,DET,81,81,162,122864928,31.313088169529376,39,26.794591942385136,122789000.0,28,79.31308816952938,74.79459194238514,-4.51849622714424,122.864928
2010,FLO,80,82,162,57029719,30.158954100836837,55,32.10524117367727,56916600.0,15,78.15895410083684,80.10524117367727,1.946287072840434,57.029719
2010,HOU,76,86,162,92355500,19.304004337001285,44,20.604286237635108,92303332.0,25,67.30400433700129,68.60428623763511,1.30028190063382,92.3555
2010,KCA,67,95,162,71405210,23.91237888445627,44,32.205444516391445,71367800.0,17,71.91237888445627,80.20544451639145,8.293065631935178,71.40521
2010,LAA,80,82,162,104963866,20.910831848697768,42,24.353375290882184,104918200.0,26,68.91083184869777,72.35337529088218,3.442543442184416,104.963866
2010,LAN,80,82,162,95358016,28.970753170689214,40,33.997779894946966,95338359.0,21,76.97075317068922,81.99777989494697,5.027026724257752,95.358016
2010,MIL,77,85,162,81108278,33.17950618584062,42,27.54718296943848,80827569.0,20,81.17950618584062,75.54718296943848,-5.632323216402142,81.108278
2010,MIN,94,68,162,97559166,38.36408995720494,38,26.730174394493293,97342507.0,22,86.36408995720494,74.73017439449329,-11.63391556271165,97.559166
2010,NYA,95,67,162,206333389,37.08006637405151,39,24.81710199710715,159958897.0,39,85.08006637405151,72.81710199710716,-12.262964376944353,206.333389
2010,NYN,79,83,162,134422942,24.79604785875657,46,22.268403610760387,134248100.0,35,72.79604785875657,70.26840361076039,-2.5276442479961787,134.422942
2010,OAK,81,81,162,55254900,23.690216442986504,45,33.02580030467189,55098000.0,16,71.6902164429865,81.02580030467189,9.335583861685393,55.2549
2010,PHI,97,65,162,141928379,33.88577977302504,37,37.40185465205342,141900149.0,28,81.88577977302504,85.40185465205343,3.5160748790283947,141.928379
2010,PIT,57,105,162,34943000,11.06552858795796,46,27.808372382107656,34857980.0,16,59.06552858795796,75.80837238210765,16.742843794149692,34.943
2010,SDN,90,72,162,37799300,27.807484650161793,37,39.71844285195257,37748500.0,15,75.8074846501618,87.71844285195257,11.910958201790777,37.7993
2010,SEA,61,101,162,86510000,6.9338523430814165,44,22.74151309475683,86120141.0,23,54.93385234308142,70.74151309475683,15.807660751675407,86.51
2010,SFN,92,70,162,98641333,31.680518523732868,36,32.6233366648461,98596097.0,20,79.68051852373287,80.62333666484611,0.9428181411132357,98.641333
2010,SLN,86,76,162,93540751,34.091016762505994,40,32.70378409689407,93278784.0,20,82.091016762506,80.70378409689407,-1.3872326656119327,93.540751
2010,TBA,96,66,162,71923471,31.315059762875254,34,34.38830945709925,71901180.0,21,79.31505976287525,82.38830945709924,3.073249694223989,71.923471
2010,TEX,90,72,162,55250544,37.094187566936256,41,25.653973518811156,55053933.0,23,85.09418756693626,73.65397351881116,-11.4402140481251,55.250544
2010,TOR,85,77,162,62234000,33.70476719161485,42,28.870206793423247,61963088.0,19,81.70476719161485,76.87020679342325,-4.8345603981915986,62.234
2010,WAS,69,93,162,61400000,23.831230221098824,46,26.866350027441342,61178500.0,20,71.83123022109882,74.86635002744134,3.0351198063425215,61.4
2011,ARI,94,68,162,53639833,29.237812543211227,42,29.874592389844356,53537340.0,18,77.23781254321122,77.87459238984435,0.6367798466331323,53.639833
2011,ATL,89,73,162,87002692,29.825516275467677,42,34.16375590169981,86890718.0,21,77.82551627546768,82.1637559016998,4.338239626232124,87.002692
2011,BAL,69,93,162,85304038,20.30651339778064,49,29.152787153160748,85257816.0,22,68.30651339778063,77.15278715316074,8.84627375538011,85.304038
2011,BOS,90,72,162,161762475,45.94533547972279,44,21.510047200193092,130926004.0,44,93.94533547972279,69.5100472001931,-24.435288279529686,161.762475
2011,CHA,79,83,162,127789000,31.111508366595412,39,29.710942238113198,127713020.0,29,79.11150836659542,77.7109422381132,-1.400566128482211,127.789
2011,CHN,71,91,162,125047329,24.47749823933818,42,27.159591055655884,125014386.0,30,72.47749823933817,75.15959105565588,2.682092816317706,125.047329
2011,CIN,79,83,162,75947134,25.580940003550754,41,32.98094914116898,75864935.0,17,73.58094000355075,80.98094914116898,7.400009137618227,75.947134
2011,CLE,80,82,162,48776566,23.551138319696463,42,32.927666965706166,48702573.0,17,71.55113831969646,80.92766696570617,9.376528646009703,48.776566
2011,COL,73,89,162,88148071,28.07090344469663,49,23.740931077168558,88105250.0,25,76.07090344469663,71.74093107716855,-4.329972367528072,88.148071
2011,DET,95,67,162,105700231,37.41461382245998,37,32.15788379043432,105496240.0,24,85.41461382245998,80.15788379043431,-5.256730032025672,105.700231
2011,FLO,72,90,162,56944000,27.93100334981302,43,29.618862819761645,56668163.0,17,75.93100334981303,77.61886281976165,1.68785946994862,56.944
2011,HOU,56,106,162,70694000,17.155142224607445,44,37.07715577960955,70484405.0,18,65.15514222460745,85.07715577960954,19.922013555002096,70.694
2011,KCA,71,91,162,35712000,29.568155334429463,41,25.95397365750174,35385833.0,13,77.56815533442946,73.95397365750173,-3.6141816769277284,35.712
2011,LAA,86,76,162,138543166,27.61049695147613,42,15.769327160768704,137120165.0,42,75.61049695147614,63.769327160768704,-11.841169790707433,138.543166
2011,LAN,82,79,161,104188999,29.28407968879481,45,26.52849728407643,103894166.0,24,77.2840796887948,74.52849728407642,-2.755582404718382,104.188999
2011,MIL,96,66,162,85497333,38.494431143289276,44,37.1680584594575,85396500.0,24,86.49443114328928,85.1680584594575,-1.326372683831778,85.497333
2011,MIN,63,99,162,112737000,13.131515436069868,45,30.288423761530087,112350500.0,25,61.13151543606987,78.28842376153008,17.156908325460215,112.737
2011,NYA,97,65,162,202275028,45.081086072505705,45,11.350765429450867,140927076.0,45,93.08108607250571,59.35076542945087,-33.730320643054846,202.275028
2011,NYN,77,85,162,118847309,32.83222514244891,46,28.30010269237633,118435466.0,29,80.83222514244892,76.30010269237633,-4.532122450072592,118.847309
2011,OAK,74,88,162,66536500,24.964206890470432,46,30.587807029753577,66161496.0,19,72.96420689047044,78.58780702975358,5.623600139283141,66.5365
2011,PHI,102,60,162,172976379,38.316733048255536,40,18.982081618443264,153711363.0,40,86.31673304825554,66.98208161844326,-19.334651429812283,172.976379
2011,PIT,72,90,162,45047000,14.075232123175898,49,25.353930650230218,44966200.0,18,62.075232123175894,73.35393065023021,11.278698527054317,45.047
2011,SDN,71,91,162,45869140,20.071494868701574,46,30.333358384870298,45841250.0,18,68.07149486870158,78.3333583848703,10.261863516168717,45.86914
2011,SEA,67,95,162,86110600,14.604634172892645,46,28.274845931712207,86064157.0,24,62.604634172892645,76.2748459317122,13.670211758819562,86.1106
2011,SFN,86,76,162,118198333,28.492920748835626,41,43.195084516326666,118098020.0,24,76.49292074883563,91.19508451632666,14.70216376749103,118.198333
2011,SLN,90,72,162,105433572,39.72549630236277,39,33.26156396800748,105363066.0,22,87.72549630236277,81.26156396800748,-6.463932334355292,105.433572
2011,TBA,91,71,162,41053571,28.09810645033461,41,33.39344649634396,40687783.0,17,76.09810645033461,81.39344649634396,5.295340046009343,41.053571
2011,TEX,96,66,162,92299264,42.84929305656881,38,35.45068487914276,92122242.0,22,90.84929305656881,83.45068487914276,-7.3986081774260555,92.299264
2011,TOR,81,81,162,62567800,27.18584361914128,44,28.384098970028035,62201585.0,21,75.18584361914128,76.38409897002803,1.198255350886754,62.5678
2011,WAS,80,81,161,63856928,24.21797533515842,43,24.75042983291414,63568100.0,22,72.21797533515843,72.75042983291414,0.5324544977557082,63.856928
2012,ARI,81,81,162,73804833,34.905934572839584,42,35.24196399596531,73621221.0,19,82.90593457283958,83.2419639959653,0.3360294231257228,73.804833
2012,ATL,94,68,162,82829942,31.190191633959166,35,26.294312598466345,82713230.0,23,79.19019163395916,74.29431259846635,-4.895879035492811,82.829942
2012,BAL,93,69,162,77353999,26.635419844765217,48,27.243454740390938,77227549.0,22,74.63541984476521,75.24345474039094,0.6080348956257353,77.353999
2012,BOS,69,93,162,173186617,23.308506305543606,47,15.813922736975984,119406615.0,47,71.3085063055436,63.81392273697598,-7.49458356856762,173.186617
2012,CHA,85,77,162,96919500,27.925445359195525,41,29.353285362678168,96855696.0,23,75.92544535919552,77.35328536267816,1.4278400034826433,96.9195
2012,CHN,61,101,162,88197033,12.30039553288306,48,22.31364885776463,88116800.0,23,60.30039553288306,70.31364885776463,10.013253324881575,88.197033
2012,CIN,97,65,162,82203616,32.52063812382019,37,37.42278088746847,81745216.0,22,80.52063812382019,85.42278088746846,4.902142763648271,82.203616
2012,CLE,68,94,162,78430300,19.582137581512796,46,24.2079942918135,78385875.0,24,67.5821375815128,72.20799429181349,4.625856710300695,78.4303
2012,COL,64,98,162,78069571,32.070486967842804,46,39.18159949641123,77932278.0,15,80.07048696784281,87.18159949641122,7.1111125285684125,78.069571
2012,DET,88,74,162,132300000,41.21080124237158,41,20.09293139047808,132067828.0,35,89.21080124237159,68.09293139047807,-21.117869851893516,132.3
2012,HOU,55,107,162,60651000,14.51058784370629,45,38.43670645057114,60309276.0,16,62.51058784370629,86.43670645057114,23.926118606864847,60.651
2012,KCA,72,90,162,60916225,22.25696788437402,46,30.266022249615233,60508850.0,16,70.25696788437402,78.26602224961523,8.009054365241212,60.916225
2012,LAA,89,73,162,154485166,31.50892579229705,40,24.024732090265204,152925064.0,40,79.50892579229705,72.0247320902652,-7.484193702031845,154.485166
2012,LAN,86,76,162,95143575,24.46217429724434,41,21.14794318001268,95026666.0,23,72.46217429724433,69.14794318001267,-3.3142311172316568,95.143575
2012,MIA,69,93,162,118078000,26.952796215523545,45,26.996778187257373,117973800.0,27,74.95279621552355,74.99677818725738,0.04398197173382812,118.078
2012,MIL,83,79,162,97653944,40.74353204530208,44,37.045997398009405,97444590.0,21,88.74353204530209,85.0459973980094,-3.6975346472926844,97.653944
2012,MIN,66,96,162,94085000,18.485120093552567,44,17.954618387647518,93841400.0,26,66.48512009355257,65.95461838764751,-0.5305017059050527,94.085
2012,NYA,95,67,162,196522289,41.24619514944548,37,29.086905849983797,125711749.0,37,89.24619514944547,77.0869058499838,-12.159289299461676,196.522289
2012,NYN,74,88,162,93353983,24.823098024982777,46,26.238706486111393,93136525.0,21,72.82309802498278,74.2387064861114,1.4156084611286133,93.353983
2012,OAK,94,68,162,55372500,28.677278820493637,45,23.35509998999159,55134958.0,20,76.67727882049364,71.35509998999159,-5.322178830502054,55.3725
2012,PHI,81,81,162,174538938,32.56452904661406,46,14.17241431292798,155849385.0,46,80.56452904661407,62.172414312927984,-18.392114733686086,174.538938
2012,PIT,79,83,162,62951999,23.923495286136955,43,24.70253194228159,62574550.0,24,71.92349528613695,72.70253194228158,0.7790366561446262,62.951999
2012,SDN,76,86,162,55244700,21.46536275232141,51,34.51858387850412,54930300.0,18,69.46536275232141,82.51858387850412,13.053221126182706,55.2447
2012,SEA,75,87,162,81978100,18.487916818717476,37,24.61617802591096,81711332.0,21,66.48791681871748,72.61617802591095,6.128261207193475,81.9781
2012,SFN,94,68,162,117620683,30.201304328672876,40,43.880328584565326,117364408.0,23,78.20130432867288,91.88032858456532,13.679024255892443,117.620683
2012,SLN,88,74,162,110300862,43.24681767015644,41,33.1674107408545,110145697.0,23,91.24681767015645,81.1674107408545,-10.079406929301939,110.300862
2012,TBA,90,72,162,64173500,33.68714207913435,40,27.36205622107648,63956116.0,19,81.68714207913435,75.36205622107647,-6.325085858057875,64.1735
2012,TEX,93,69,162,120510974,41.133807666125385,37,31.131982520571587,120309222.0,23,89.13380766612539,79.13198252057158,-10.00182514555381,120.510974
2012,TOR,73,89,162,75009200,14.04550798548773,44,24.869461073361226,74581172.0,19,62.04550798548773,72.86946107336122,10.823953087873491,75.0092
2012,WAS,98,64,162,80855143,40.64377933127436,41,35.475823504573626,80575058.0,18,88.64377933127436,83.47582350457363,-5.167955826700734,80.855143
2013,ARI,81,81,162,90132000,26.940841118935865,43,38.543939750394905,90057919.0,22,74.94084111893586,86.54393975039491,11.603098631459048,90.132
2013,ATL,96,66,162,87871525,35.73403030860362,39,31.524625210259316,87704533.0,22,83.73403030860362,79.52462521025932,-4.209405098344305,87.871525
2013,BAL,85,77,162,84393333,25.946058603135377,44,34.57459216340526,84196075.0,22,73.94605860313538,82.57459216340527,8.628533560269886,84.393333
2013,BOS,97,65,162,151530000,46.79774960865556,43,19.779866043935073,151334941.0,32,94.79774960865555,67.77986604393507,-27.017883564720478,151.53
2013,CHA,63,99,162,120065277,17.989519144087854,46,28.49357245554808,119705990.0,23,65.98951914408785,76.49357245554808,10.504053311460225,120.065277
2013,CHN,66,96,162,100567726,21.35886870001732,46,25.20742684344579,100179643.0,25,69.35886870001733,73.20742684344579,3.8485581434284626,100.567726
2013,CIN,90,72,162,106404462,31.99612495117365,38,28.4053245028652,106397839.0,26,79.99612495117364,76.4053245028652,-3.5908004483084426,106.404462
2013,CLE,92,70,162,75771800,36.25404847999871,43,30.05412380383191,75390000.0,20,84.25404847999872,78.05412380383191,-6.199924676166802,75.7718
2013,COL,74,88,162,74409071,30.88795148532508,40,24.45120530313201,74314550.0,20,78.88795148532508,72.45120530313201,-6.436746182193062,74.409071
2013,DET,93,69,162,145989500,53.28042136758382,35,23.48848543602253,145620833.0,28,101.28042136758381,71.48848543602253,-29.791935931561284,145.9895
2013,HOU,51,111,162,17890700,8.523055994213149,48,22.59584371574147,17871675.0,14,56.52305599421315,70.59584371574147,14.072787721528314,17.8907
2013,KCA,86,76,162,80091725,23.839075930028343,38,24.870456762262577,80018393.0,21,71.83907593002834,72.87045676226258,1.031380832234234,80.091725
2013,LAA,78,84,162,124174750,31.7068109998606,48,26.215176754770948,123710939.0,25,79.70681099986061,74.21517675477095,-5.4916342450896565,124.17475
2013,LAN,92,70,162,223362196,36.06251198481474,45,17.43749472026779,203009113.0,45,84.06251198481473,65.4374947202678,-18.62501726454694,223.362196
2013,MIA,62,100,162,33601900,14.984827707931405,53,30.48346332380948,33553600.0,12,62.9848277079314,78.48346332380947,15.498635615878072,33.6019
2013,MIL,74,88,162,76947033,22.762005790219682,39,29.897972742153524,76806581.0,20,70.76200579021969,77.89797274215353,7.135966951933838,76.947033
2013,MIN,66,96,162,75337500,18.92949696814594,43,30.76576925098463,75302250.0,19,66.92949696814594,78.76576925098463,11.836272282838692,75.3375
2013,NYA,85,77,162,231978886,20.203413071465913,48,26.434691795690973,190800702.0,48,68.20341307146592,74.43469179569098,6.231278724225064,231.978886
2013,NYN,74,88,162,49448346,23.709824131733978,50,32.84034107577347,49379367.0,15,71.70982413173398,80.84034107577347,9.130516944039485,49.448346
2013,OAK,96,66,162,60132500,35.04933259345727,40,32.45680308396377,59974875.0,17,83.04933259345728,80.45680308396376,-2.5925295094935166,60.1325
2013,PHI,73,89,162,169863189,22.583816899433945,47,22.262637059127567,169796751.0,44,70.58381689943394,70.26263705912757,-0.32117984030637103,169.863189
2013,PIT,94,68,162,77062000,33.10022571467144,43,32.03916381708855,77019390.0,21,81.10022571467144,80.03916381708855,-1.0610618975828885,77.062
2013,SDN,76,86,162,65585500,20.510854360499252,44,28.940434538090287,65489700.0,21,68.51085436049925,76.94043453809029,8.429580177591035,65.5855
2013,SEA,71,91,162,74005043,23.880110869433675,46,35.41715696805435,73582166.0,16,71.88011086943368,83.41715696805434,11.537046098620664,74.005043
2013,SFN,76,86,162,140180334,28.18724887492924,42,25.15265688042638,140129449.0,33,76.18724887492924,73.15265688042638,-3.034591994502861,140.180334
2013,SLN,97,65,162,92260110,40.45807200314205,42,31.67807303858694,91937349.0,21,88.45807200314205,79.67807303858694,-8.779998964555105,92.26011
2013,TBA,92,71,163,52955272,35.93136471897523,39,30.16460779508477,52862196.0,20,83.93136471897523,78.16460779508478,-5.766756923890455,52.955272
2013,TEX,91,72,163,112522600,33.67879885279956,42,23.256154345342196,112331165.0,24,81.67879885279956,71.2561543453422,-10.422644507457363,112.5226
2013,TOR,74,88,162,126288100,25.347911730502357,49,31.40865488505453,126241248.0,24,73.34791173050236,79.40865488505453,6.060743154552171,126.2881
2013,WAS,86,76,162,113703270,32.04414555474385,41,35.113857490938685,113631900.0,22,80.04414555474385,83.11385749093868,3.0697119361948353,113.70327
2014,ARI,64,98,162,97861500,23.600713451019107,51,28.055854323500313,97780150.0,23,71.6007134510191,76.05585432350031,4.455140872481209,97.8615
2014,ATL,79,83,162,97609000,25.555008759512557,36,36.38299099810264,97326250.0,21,73.55500875951256,84.38299099810264,10.827982238590081,97.609
2014,BAL,96,66,162,103416000,28.81871856258714,38,34.443819449991096,103200545.0,24,76.81871856258714,82.4438194499911,5.62510088740396,103.416
2014,BOS,71,91,162,139019929,26.01398860003751,50,24.98459069759754,138663232.0,25,74.01398860003751,72.98459069759754,-1.0293979024399675,139.019929
2014,CHA,73,89,162,81830500,24.01321489502144,44,31.3809170791736,81520750.0,21,72.01321489502143,79.3809170791736,7.367702184152165,81.8305
2014,CHN,73,89,162,65522500,27.99296822067768,43,28.877323503150784,65165800.0,18,75.99296822067768,76.87732350315079,0.8843552824731091,65.5225
2014,CIN,76,86,162,108217500,15.998177287843683,44,30.134049903837123,108172733.0,25,63.99817728784368,78.13404990383712,14.135872615993442,108.2175
2014,CLE,85,77,162,82151899,36.59428022379329,43,25.497285737922052,81992557.0,19,84.59428022379329,73.49728573792206,-11.096994485871235,82.151899
2014,COL,66,96,162,95403500,30.6137111266029,48,21.98251466053624,95161475.0,24,78.61371112660291,69.98251466053624,-8.631196466066669,95.4035
2014,DET,90,72,162,152855500,41.011180781987186,45,14.927950410995367,146446900.0,45,89.01118078198718,62.927950410995365,-26.083230370991814,152.8555
2014,HOU,70,92,162,35116300,23.59425546244826,45,25.498765211205104,34669750.0,15,71.59425546244826,73.4987652112051,1.904509748756837,35.1163
2014,KCA,89,73,162,74594075,25.504199362801565,40,35.97880359535176,74580461.0,18,73.50419936280156,83.97880359535176,10.474604232550206,74.594075
2014,LAA,98,64,162,121988250,36.159270145781676,48,40.380589931995345,121682600.0,23,84.15927014578168,88.38058993199535,4.2213197862136695,121.98825
2014,LAN,94,68,162,217014600,42.14491021037294,45,9.971239176043497,182961650.0,45,90.14491021037294,57.9712391760435,-32.173671034329445,217.0146
2014,MIA,77,85,162,41836900,30.047471258917138,41,28.540549649564852,41590200.0,17,78.04747125891714,76.54054964956485,-1.5069216093522897,41.8369
2014,MIL,82,80,162,101217000,26.359882718638577,37,22.900538223175932,101178966.0,22,74.35988271863857,70.90053822317593,-3.459344495462645,101.217
2014,MIN,70,92,162,83762500,27.87871547414734,44,26.536239874917705,83427440.0,19,75.87871547414734,74.5362398749177,-1.342475599229644,83.7625
2014,NYA,84,78,162,197543907,24.03740360494371,50,19.07246774780916,195581841.0,50,72.0374036049437,67.07246774780916,-4.964935857134549,197.543907
2014,NYN,79,83,162,85556990,24.175530340992776,44,33.782823999621705,85205800.0,17,72.17553034099278,81.78282399962171,9.607293658628933,85.55699
2014,OAK,88,74,162,72408400,32.575962312923366,41,28.11874354496071,72399800.0,17,80.57596231292337,76.11874354496071,-4.457218767962658,72.4084
2014,PHI,73,89,162,180944967,18.67537349325078,48,30.142703105216544,180716155.0,35,66.67537349325079,78.14270310521654,11.467329611965752,180.944967
2014,PIT,88,74,162,77178000,36.68751726030067,39,28.12490520752163,77069000.0,18,84.68751726030067,76.12490520752164,-8.56261205277903,77.178
2014,SDN,77,85,162,75685700,20.083250846341766,47,19.9818880661373,75648150.0,23,68.08325084634177,67.9818880661373,-0.1013627802044681,75.6857
2014,SEA,87,75,162,92531100,25.49031969471395,41,40.192671376971155,92127200.0,17,73.49031969471395,88.19267137697116,14.702351682257216,92.5311
2014,SFN,88,74,162,163510167,30.104662708648316,43,25.408689526663643,163445800.0,36,78.10466270864832,73.40868952666364,-4.695973181984684,163.510167
2014,SLN,90,72,162,120693000,28.79299256815348,41,34.296344128060134,120437496.0,24,76.79299256815348,82.29634412806013,5.503351559906648,120.693
2014,TBA,77,85,162,72689100,30.57420272099367,41,27.72011493956457,72371060.0,17,78.57420272099367,75.72011493956457,-2.854087781429101,72.6891
2014,TEX,67,95,162,112255059,18.230364747453873,60,23.619176660215775,112174300.0,24,66.23036474745388,71.61917666021577,5.388811912761895,112.255059
2014,TOR,83,79,162,109920100,34.00534755788612,47,26.43299289029564,109903700.0,25,82.00534755788613,74.43299289029564,-7.5723546675904885,109.9201
2014,WAS,96,66,162,131983680,39.98455374935561,36,39.70109262875631,131595617.0,25,87.98455374935561,87.7010926287563,-0.2834611205993127,131.98368
2015,ARI,79,83,162,61834000,27.100762030821148,47,23.22728325824575,61733400.0,23,75.10076203082114,71.22728325824575,-3.873478772575396,61.834
2015,ATL,67,95,162,71781250,14.431537804057793,53,33.69154816120015,71621000.0,18,62.4315378040578,81.69154816120016,19.260010357142363,71.78125
2015,BAL,81,81,162,115044833,26.299213279982272,43,33.79739870880763,114768000.0,21,74.29921327998227,81.79739870880763,7.498185428825366,115.044833
2015,BOS,78,84,162,181103400,31.66076925882634,44,17.098855306792,180947040.0,39,79.66076925882633,65.098855306792,-14.561913952034331,181.1034
2015,CHA,76,86,162,112373700,23.386207214017308,40,23.567601974700505,112190514.0,24,71.3862072140173,71.56760197470051,0.18139476068320448,112.3737
2015,CHN,97,65,162,115879310,39.49746763458962,41,31.83834776627027,115866800.0,26,87.49746763458961,79.83834776627027,-7.659119868319337,115.87931
2015,CIN,64,98,162,113072286,22.211905291297757,48,36.54622759370326,112919296.0,20,70.21190529129775,84.54622759370326,14.33432230240551,113.072286
2015,CLE,81,80,161,87663766,36.0237867126938,47,28.660840226203483,87626891.0,19,84.0237867126938,76.66084022620348,-7.36294648649033,87.663766
2015,COL,68,94,162,95688600,23.453739064983075,48,29.262470396829247,95561500.0,22,71.45373906498307,77.26247039682924,5.808731331846175,95.6886
2015,DET,74,87,161,172284750,31.070685629896133,45,29.4813460238275,171954850.0,32,79.07068562989613,77.4813460238275,-1.5893396060686342,172.28475
2015,HOU,86,76,162,72256200,38.28533790566702,41,26.911947498020858,72246750.0,22,86.28533790566702,74.91194749802085,-11.37339040764617,72.2562
2015,KCA,95,67,162,112107025,28.016435568666136,39,19.947892928680687,111736915.0,23,76.01643556866614,67.94789292868069,-8.068542639985452,112.107025
2015,LAA,85,77,162,120005415,23.042969781992323,43,33.48585778464544,119666543.0,22,71.04296978199233,81.48585778464545,10.44288800265312,120.005415
2015,LAN,92,70,162,215792000,40.04051275734842,47,20.744505684796188,171025400.0,47,88.04051275734841,68.7445056847962,-19.296007072552214,215.792
2015,MIA,71,91,162,68056500,23.404753359299974,48,27.541462726628822,67817925.0,21,71.40475335929997,75.54146272662882,4.136709367328848,68.0565
2015,MIL,68,94,162,100850000,20.775168021853,48,23.583547677035224,100808250.0,22,68.775168021853,71.58354767703523,2.8083796551822218,100.85
2015,MIN,83,79,162,107755000,21.546659603537734,42,32.26172138782725,107745100.0,21,69.54665960353773,80.26172138782725,10.715061784289517,107.755
2015,NYA,87,75,162,212751957,33.347827083878705,52,21.382177937985997,212305466.0,44,81.34782708387871,69.382177937986,-11.965649145892712,212.751957
2015,NYN,90,72,162,96766683,30.22421556078191,41,28.290520132581605,96743267.0,21,78.22421556078191,76.2905201325816,-1.9336954282003092,96.766683
2015,OAK,68,94,162,79053501,25.441617782174017,49,30.99285803318047,78874500.0,17,73.44161778217402,78.99285803318047,5.551240251006448,79.053501
2015,PHI,63,99,162,111693000,14.868585752096669,47,33.09451271213618,111425390.0,22,62.86858575209667,81.09451271213618,18.22592696003951,111.693
2015,PIT,98,64,162,88892499,35.23808037309653,40,23.22536480052143,88725600.0,21,83.23808037309652,71.22536480052143,-12.01271557257509,88.892499
2015,SDN,74,88,162,118441300,20.423427963966702,43,26.323162772998966,118018701.0,23,68.4234279639667,74.32316277299897,5.899734809032267,118.4413
2015,SEA,76,86,162,122208700,29.742131178427304,49,16.92979655637099,122119225.0,26,77.7421311784273,64.92979655637099,-12.812334622056312,122.2087
2015,SFN,84,78,162,164701500,30.499671550121786,44,14.65430440282777,164228649.0,37,78.49967155012179,62.65430440282777,-15.84536714729402,164.7015
2015,SLN,100,62,162,119241500,35.17165327313586,43,25.338019261806696,118857941.0,23,83.17165327313586,73.33801926180669,-9.833634011329167,119.2415
2015,TBA,80,82,162,64521233,28.706080139701594,49,33.26558663340667,64402800.0,18,76.7060801397016,81.26558663340667,4.559506493705072,64.521233
2015,TEX,88,74,162,143742789,23.70526133644833,46,30.666430169451143,143502686.0,25,71.70526133644833,78.66643016945115,6.961168833002816,143.742789
2015,TOR,93,69,162,112992400,37.70613144204723,40,42.65444231208824,112967865.0,18,85.70613144204722,90.65444231208824,4.948310870041013,112.9924
2015,WAS,83,79,162,155587472,37.81444268163059,41,23.434381231832074,155105200.0,27,85.8144426816306,71.43438123183208,-14.380061449798518,155.587472
2016,ARI,69,93,162,87439063,27.01469481295126,48,33.72312258017542,87164662.0,20,75.01469481295126,81.72312258017541,6.708427767224151,87.439063
2016,ATL,68,93,161,68498291,18.978790030389444,55,32.31279761160826,68124653.0,17,66.97879003038945,80.31279761160826,13.334007581218813,68.498291
2016,BAL,89,73,162,161863456,27.798652776713197,40,10.876320925784634,161640532.0,35,75.7986527767132,58.87632092578463,-16.922331850928565,161.863456
2016,BOS,93,69,162,188545761,47.10707306444989,43,27.91527972280028,188281459.0,34,95.10707306444989,75.91527972280028,-19.191793341649614,188.545761
2016,CHA,78,84,162,112998667,25.25971692745774,48,24.356483385631996,112549774.0,26,73.25971692745775,72.356483385632,-0.9032335418257418,112.998667
2016,CHN,103,58,162,154067668,43.44603520167501,36,23.423721932732967,154019433.0,35,91.44603520167502,71.42372193273297,-20.022313268942042,154.067668
2016,CIN,68,94,162,88940059,8.992720726084006,49,33.73211638768518,88730466.0,19,56.992720726084,81.73211638768518,24.73939566160118,88.940059
2016,CLE,94,67,161,74311900,35.51180830259649,44,22.831281634143966,74010555.0,20,83.51180830259649,70.83128163414396,-12.68052666845253,74.3119
2016,COL,75,87,162,112645071,36.183012198590816,47,29.830794780408397,112259324.0,22,84.18301219859082,77.8307947804084,-6.35221741818242,112.645071
2016,DET,86,75,161,194876481,34.694528169745354,41,15.716553032006951,152517150.0,41,82.69452816974535,63.71655303200695,-18.977975137738404,194.876481
2016,HOU,84,78,162,94893700,34.78145955448153,41,35.721511865295426,94390929.0,20,82.78145955448153,83.72151186529543,0.940052310813897,94.8937
2016,KCA,81,81,162,131487125,18.690247044664382,39,31.903947219066676,131339516.0,21,66.69024704466437,79.90394721906668,13.213700174402305,131.487125
2016,LAA,74,88,162,137251333,17.908809760951762,50,42.18158647564059,136993541.0,20,65.90880976095175,90.18158647564059,24.27277671468883,137.251333
2016,LAN,91,71,162,221288380,35.47887233113575,50,14.76457969295286,178864497.0,50,83.47887233113575,62.764579692952864,-20.714292638182883,221.28838
2016,MIA,79,82,161,77314202,29.453402786947652,43,29.554508958445183,77016567.0,16,77.45340278694765,77.55450895844518,0.10110617149753409,77.314202
2016,MIL,73,89,162,68775237,26.006419031640064,48,32.20676151773327,68525851.0,20,74.00641903164006,80.20676151773327,6.200342486093206,68.775237
2016,MIN,59,103,162,102583200,23.481276340401635,46,35.22156416088409,102419368.0,19,71.48127634040164,83.2215641608841,11.740287820482465,102.5832
2016,NYA,84,78,162,222997792,27.982290849887445,48,24.01590909929008,180027506.0,48,75.98229084988745,72.01590909929008,-3.966381750597364,222.997792
2016,NYN,87,75,162,133889129,36.80622678732886,43,35.06821958812806,133871479.0,22,84.80622678732885,83.06821958812806,-1.7380071992007942,133.889129
2016,OAK,69,93,162,86806234,20.396402059969535,51,26.86913167901903,86412285.0,21,68.39640205996953,74.86913167901903,6.4727296190495025,86.806234
2016,PHI,71,91,162,58980000,14.177290248594439,47,28.361242732268366,58735591.0,17,62.17729024859444,76.36124273226837,14.183952483673927,58.98
2016,PIT,78,83,162,103778833,25.857201349854627,48,35.10983936018436,103390800.0,20,73.85720134985462,83.10983936018437,9.252638010329747,103.778833
2016,SDN,68,94,162,101424814,13.29395498517394,55,29.005751906828074,101080954.0,23,61.29395498517394,77.00575190682807,15.711796921654127,101.424814
2016,SEA,86,76,162,135683339,30.785787417193742,49,32.67024330178884,135290838.0,22,78.78578741719375,80.67024330178884,1.8844558845950985,135.683339
2016,SFN,87,75,162,172253778,33.57059989768082,40,30.86227111471965,171796247.0,26,81.57059989768082,78.86227111471965,-2.708328782961175,172.253778
2016,SLN,86,76,162,143053500,38.10854549563309,39,27.06354897287021,143051376.0,26,86.10854549563308,75.06354897287021,-11.044996522762872,143.0535
2016,TBA,68,94,162,57097310,26.204709791177105,42,22.14918567276863,56929650.0,18,74.20470979117711,70.14918567276862,-4.055524118408485,57.09731
2016,TEX,95,67,162,176038723,22.004689730034166,41,29.308277027779,175541676.0,29,70.00468973003416,77.308277027779,7.303587297744841,176.038723
2016,TOR,89,73,162,138701700,35.2272422932026,42,23.71587510359856,138529433.0,29,83.22724229320261,71.71587510359856,-11.511367189604044,138.7017
2016,WAS,95,67,162,141652646,40.51828077413437,40,25.67246968000221,141389555.0,27,88.51828077413437,73.67246968000221,-14.84581109413216,141.652646
